item_name,url,price
【限定30品】柴犬×カーネーション　トートバッグ,https://dgru.base.shop/items/141154573,6980
柴犬　vintage加工Tシャツ,https://dgru.base.shop/items/141782099,6480
柴犬　vintage加工Tシャツ,https://dgru.base.shop/items/141782098,6480
柴犬　vintage加工Tシャツ,https://dgru.base.shop/items/141782096,6480
黒柴　デザインロングスリーブTシャツ,https://dgru.base.shop/items/141781729,8480
黒柴　デザインロングスリーブTシャツ,https://dgru.base.shop/items/141781728,8480
柴犬　デニムシャツ,https://dgru.base.shop/items/141785187,12800
柴犬　デニムシャツ,https://dgru.base.shop/items/141785186,12800
柴犬　デニムシャツ,https://dgru.base.shop/items/141785185,12800
cheeky柴犬　vintage加工キャップ,https://dgru.base.shop/items/139417078,8980
cheeky柴犬　vintage加工キャップ,https://dgru.base.shop/items/139417049,8980
cheeky柴犬　vintage加工キャップ,https://dgru.base.shop/items/139417046,8980
cheeky柴犬　vintage加工キャップ,https://dgru.base.shop/items/139417045,8980
cheeky柴犬　ワンポイント刺繍Tシャツ,https://dgru.base.shop/items/139416967,7980
cheeky柴犬　ワンポイント刺繍Tシャツ,https://dgru.base.shop/items/139416966,7980
cheeky柴犬　ワンポイント刺繍Tシャツ,https://dgru.base.shop/items/139416965,7980
cheeky柴犬　サコッシュ,https://dgru.base.shop/items/139416886,3700
cheeky柴犬　サコッシュ,https://dgru.base.shop/items/139416885,3700
cheeky柴犬　サコッシュ,https://dgru.base.shop/items/139416884,3700
cheeky柴犬　ジップパーカー,https://dgru.base.shop/items/139222239,11980
cheeky柴犬　ジップパーカー,https://dgru.base.shop/items/139222240,11980
cheeky柴犬　ジップパーカー,https://dgru.base.shop/items/139222241,11980
柴犬　デザインスウェット,https://dgru.base.shop/items/136179589,8980
柴犬　デザインスウェット,https://dgru.base.shop/items/136179578,8980
柴犬　デザインスウェット,https://dgru.base.shop/items/136179595,8980
柴犬　デザインスウェット,https://dgru.base.shop/items/136179591,8980
柴犬　デザインスウェット,https://dgru.base.shop/items/136179596,8980
柴犬　デザインスウェット,https://dgru.base.shop/items/136179594,8980
柴犬　バックデザインロングスリーブTシャツ　ルーズシルエット,https://dgru.base.shop/items/136179655,7980
柴犬　バックデザインロングスリーブTシャツ　ルーズシルエット,https://dgru.base.shop/items/136179657,7980
柴犬　バックデザインロングスリーブTシャツ　ルーズシルエット,https://dgru.base.shop/items/136179661,7980
柴犬　バックデザインロングスリーブTシャツ　ルーズシルエット,https://dgru.base.shop/items/136179656,7980
柴　デザインスウェット,https://dgru.base.shop/items/135411797,8980
柴　デザインスウェット,https://dgru.base.shop/items/135411798,8980
柴　デザインスウェット,https://dgru.base.shop/items/135411799,8980
柴　デザインスウェット,https://dgru.base.shop/items/135411784,8980
柴　デザインスウェット,https://dgru.base.shop/items/135411785,8980
柴　デザインスウェット,https://dgru.base.shop/items/135411787,8980
柴　デザインスウェット,https://dgru.base.shop/items/135411793,8980
柴　デザインスウェット,https://dgru.base.shop/items/135411794,8980
柴　デザインスウェット,https://dgru.base.shop/items/135411795,8980
柴　ルーズロングスリーブTシャツ,https://dgru.base.shop/items/137655039,7980
柴　ルーズロングスリーブTシャツ,https://dgru.base.shop/items/137655040,7980
柴　ルーズロングスリーブTシャツ,https://dgru.base.shop/items/137655058,7980
柴　ルーズロングスリーブTシャツ,https://dgru.base.shop/items/137655059,7980
白柴　ジップパーカーバックデザイン,https://dgru.base.shop/items/137655323,9980
白柴　ジップパーカーバックデザイン,https://dgru.base.shop/items/137655325,9980
白柴　ジップパーカーバックデザイン,https://dgru.base.shop/items/137655328,9980
白柴　ジップパーカーバックデザイン,https://dgru.base.shop/items/137655343,9980
白柴　ジップパーカーバックデザイン,https://dgru.base.shop/items/137655346,9980
白柴　ジップパーカーバックデザイン,https://dgru.base.shop/items/137655350,9980
白柴　ジップパーカーバックデザイン,https://dgru.base.shop/items/137655356,9980
白柴　デザインスウェット,https://dgru.base.shop/items/137655412,8980
白柴　デザインスウェット,https://dgru.base.shop/items/137655413,8980
白柴　デザインスウェット,https://dgru.base.shop/items/137655414,8980
白柴　デザインスウェット,https://dgru.base.shop/items/137655423,8980
白柴　デザインスウェット,https://dgru.base.shop/items/137655424,8980
白柴　デザインスウェット,https://dgru.base.shop/items/137655425,8980
白柴　デザインスウェット,https://dgru.base.shop/items/137655429,8980
白柴　ビックシルエットTシャツ,https://dgru.base.shop/items/137655466,5980
白柴　ビックシルエットTシャツ,https://dgru.base.shop/items/137655467,5980
白柴　ビックシルエットTシャツ,https://dgru.base.shop/items/137655468,5980
白柴　ビックシルエットTシャツ,https://dgru.base.shop/items/137655477,5980
白柴　ビックシルエットTシャツ,https://dgru.base.shop/items/137655478,5980
白柴　ビックシルエットTシャツ,https://dgru.base.shop/items/137655479,5980
siba スウェット,https://dgru.base.shop/items/124556065,8980
siba スウェット,https://dgru.base.shop/items/124556067,8980
shiba フェイクスエードセットアップ,https://dgru.base.shop/items/124556188,17800
shiba フェイクスエードセットアップ,https://dgru.base.shop/items/124556189,17800
shiba ロングスリーブTシャツ,https://dgru.base.shop/items/124556223,7980
shiba ロングスリーブTシャツ,https://dgru.base.shop/items/124556224,7980
shiba ロングスリーブTシャツ,https://dgru.base.shop/items/124556225,7980
shiba ロングスリーブTシャツ,https://dgru.base.shop/items/124556230,7980
shiba スウェット,https://dgru.base.shop/items/124556283,8980
shiba スウェット,https://dgru.base.shop/items/124556284,8980
shiba スウェット,https://dgru.base.shop/items/124556285,8980
shiba ハーフジップ,https://dgru.base.shop/items/124556305,9980
shiba ハーフジップ,https://dgru.base.shop/items/124556306,9980
黒柴　ビックシルエットTシャツ,https://dgru.base.shop/items/132209083,5980
黒柴　ビックシルエットTシャツ,https://dgru.base.shop/items/132209084,5980
黒柴　ビックシルエットTシャツ,https://dgru.base.shop/items/132209085,5980
黒柴　ビックシルエットTシャツ,https://dgru.base.shop/items/132209092,5980
黒柴　バックデザインTシャツ,https://dgru.base.shop/items/132209349,6480
黒柴　バックデザインTシャツ,https://dgru.base.shop/items/132209351,6480
黒柴　バックデザインTシャツ,https://dgru.base.shop/items/132209352,6480
黒柴　バックデザインTシャツ,https://dgru.base.shop/items/132209364,6480
黒柴　バックデザインTシャツ,https://dgru.base.shop/items/132209366,6480
黒柴　バックデザインTシャツ,https://dgru.base.shop/items/132209367,6480
黒柴　比翼カラーシャツ,https://dgru.base.shop/items/132210017,11980
黒柴　比翼カラーシャツ,https://dgru.base.shop/items/132210019,11980
黒柴　比翼カラーシャツ,https://dgru.base.shop/items/132210020,11980
黒柴　バックデザインジップパーカー,https://dgru.base.shop/items/132210989,9980
黒柴　バックデザインジップパーカー,https://dgru.base.shop/items/132210990,9980
黒柴　バックデザインジップパーカー,https://dgru.base.shop/items/132210991,9980
黒柴　バックデザインジップパーカー,https://dgru.base.shop/items/132210998,9980
黒柴　バックデザインジップパーカー,https://dgru.base.shop/items/132210999,9980
黒柴　バックデザインジップパーカー,https://dgru.base.shop/items/132211001,9980
黒柴　バックデザインジップパーカー,https://dgru.base.shop/items/132211005,9980
黒柴　デザインカーディガン,https://dgru.base.shop/items/132211052,10980
黒柴　デザインカーディガン,https://dgru.base.shop/items/132211053,10980
黒柴　デザインカーディガン,https://dgru.base.shop/items/132211059,10980
黒柴　デザインカーディガン,https://dgru.base.shop/items/132211060,10980
黒柴　デザインスウェット,https://dgru.base.shop/items/132211190,9480
黒柴　デザインスウェット,https://dgru.base.shop/items/132211192,9480
黒柴　デザインスウェット,https://dgru.base.shop/items/132211194,9480
黒柴　デザインスウェット,https://dgru.base.shop/items/132211203,9480
黒柴　デザインスウェット,https://dgru.base.shop/items/132211204,9480
